path,category,old_texture_type,new_texture_type,old_max_size,new_max_size,old_compression,new_compression,action,note
Assets/ProjectONE/UI/Sprites/Buttons/002_top_button_sound.png,Buttons,Default,Sprite,2048,4096,Compressed,Uncompressed,changed,Applied recommended settings and reimported.
Assets/ProjectONE/UI/Sprites/Buttons/003_top_button_community.png,Buttons,Default,Sprite,2048,4096,Compressed,Uncompressed,changed,Applied recommended settings and reimported.
Assets/ProjectONE/UI/Sprites/Buttons/004_top_button_notice.png,Buttons,Default,Sprite,2048,4096,Compressed,Uncompressed,changed,Applied recommended settings and reimported.
Assets/ProjectONE/UI/Sprites/Buttons/005_menu_quick_start_yellow.png,Buttons,Default,Sprite,2048,4096,Compressed,Uncompressed,changed,Applied recommended settings and reimported.
Assets/ProjectONE/UI/Sprites/Buttons/006_menu_custom_game_blue.png,Buttons,Default,Sprite,2048,4096,Compressed,Uncompressed,changed,Applied recommended settings and reimported.
Assets/ProjectONE/UI/Sprites/Buttons/007_menu_tutorial_mint.png,Buttons,Default,Sprite,2048,4096,Compressed,Uncompressed,changed,Applied recommended settings and reimported.
Assets/ProjectONE/UI/Sprites/Buttons/015_start_button_yellow_play.png,Buttons,Default,Sprite,2048,4096,Compressed,Uncompressed,changed,Applied recommended settings and reimported.
Assets/ProjectONE/UI/Sprites/Buttons/016_ready_button_green_check.png,Buttons,Default,Sprite,2048,4096,Compressed,Uncompressed,changed,Applied recommended settings and reimported.
Assets/ProjectONE/UI/Sprites/Buttons/017_retry_button_blue.png,Buttons,Default,Sprite,2048,4096,Compressed,Uncompressed,changed,Applied recommended settings and reimported.
Assets/ProjectONE/UI/Sprites/Buttons/018_lobby_button_yellow_home.png,Buttons,Default,Sprite,2048,4096,Compressed,Uncompressed,changed,Applied recommended settings and reimported.
Assets/ProjectONE/UI/Sprites/Buttons/019_exit_button_mint.png,Buttons,Default,Sprite,2048,4096,Compressed,Uncompressed,changed,Applied recommended settings and reimported.
Assets/ProjectONE/UI/Sprites/Buttons/022_top_button_settings.png,Buttons,Default,Sprite,2048,4096,Compressed,Uncompressed,changed,Applied recommended settings and reimported.
Assets/ProjectONE/UI/Sprites/Buttons/023_quit_button_power.png,Buttons,Default,Sprite,2048,4096,Compressed,Uncompressed,changed,Applied recommended settings and reimported.
Assets/ProjectONE/UI/Sprites/Buttons/043_menu_button_yellow_blank.png,Buttons,Default,Sprite,2048,4096,Compressed,Uncompressed,changed,Applied recommended settings and reimported.
Assets/ProjectONE/UI/Sprites/Buttons/044_menu_button_blue_blank.png,Buttons,Default,Sprite,2048,4096,Compressed,Uncompressed,changed,Applied recommended settings and reimported.
Assets/ProjectONE/UI/Sprites/Buttons/045_menu_button_mint_blank.png,Buttons,Default,Sprite,2048,4096,Compressed,Uncompressed,changed,Applied recommended settings and reimported.
Assets/ProjectONE/UI/Sprites/Buttons/064_blue_plus_button.png,Buttons,Default,Sprite,2048,4096,Compressed,Uncompressed,changed,Applied recommended settings and reimported.
Assets/ProjectONE/UI/Sprites/Buttons/086_retry_button_blue_blank.png,Buttons,Default,Sprite,2048,4096,Compressed,Uncompressed,changed,Applied recommended settings and reimported.
Assets/ProjectONE/UI/Sprites/Buttons/087_lobby_button_yellow_blank.png,Buttons,Default,Sprite,2048,4096,Compressed,Uncompressed,changed,Applied recommended settings and reimported.
Assets/ProjectONE/UI/Sprites/Buttons/088_exit_button_mint_blank.png,Buttons,Default,Sprite,2048,4096,Compressed,Uncompressed,changed,Applied recommended settings and reimported.
Assets/ProjectONE/UI/Sprites/Buttons/104_ready_button_large_yellow_blank.png,Buttons,Default,Sprite,2048,4096,Compressed,Uncompressed,changed,Applied recommended settings and reimported.
Assets/ProjectONE/UI/Sprites/Characters/050_hamster_mascot_full.png,Characters,Default,Sprite,2048,2048,Compressed,Uncompressed,changed,Applied recommended settings and reimported.
Assets/ProjectONE/UI/Sprites/Characters/060_hamster_profile_square.png,Characters,Default,Sprite,2048,2048,Compressed,Uncompressed,changed,Applied recommended settings and reimported.
Assets/ProjectONE/UI/Sprites/Characters/074_hamster_face_icon.png,Characters,Default,Sprite,2048,2048,Compressed,Uncompressed,changed,Applied recommended settings and reimported.
Assets/ProjectONE/UI/Sprites/Characters/122_hamster_face_small.png,Characters,Default,Sprite,2048,2048,Compressed,Uncompressed,changed,Applied recommended settings and reimported.
Assets/ProjectONE/UI/Sprites/ColorChips/123_colorchip_navy_1f2a44.png,ColorChips,Default,Sprite,2048,512,Compressed,Uncompressed,changed,Applied recommended settings and reimported.
Assets/ProjectONE/UI/Sprites/ColorChips/124_colorchip_cream_fff7eb.png,ColorChips,Default,Sprite,2048,512,Compressed,Uncompressed,changed,Applied recommended settings and reimported.
Assets/ProjectONE/UI/Sprites/ColorChips/127_colorchip_yellow_ffd56a.png,ColorChips,Default,Sprite,2048,512,Compressed,Uncompressed,changed,Applied recommended settings and reimported.
Assets/ProjectONE/UI/Sprites/ColorChips/128_colorchip_blue_b8d3f6.png,ColorChips,Default,Sprite,2048,512,Compressed,Uncompressed,changed,Applied recommended settings and reimported.
Assets/ProjectONE/UI/Sprites/ColorChips/129_colorchip_mint_cdebd7.png,ColorChips,Default,Sprite,2048,512,Compressed,Uncompressed,changed,Applied recommended settings and reimported.
Assets/ProjectONE/UI/Sprites/Decorations/054_blue_tape_long.png,Decorations,Default,Sprite,2048,2048,Compressed,Uncompressed,changed,Applied recommended settings and reimported.
Assets/ProjectONE/UI/Sprites/Decorations/055_yellow_star_sketch.png,Decorations,Default,Sprite,2048,2048,Compressed,Uncompressed,changed,Applied recommended settings and reimported.
Assets/ProjectONE/UI/Sprites/Decorations/056_blue_binder_clip.png,Decorations,Default,Sprite,2048,2048,Compressed,Uncompressed,changed,Applied recommended settings and reimported.
Assets/ProjectONE/UI/Sprites/Decorations/058_blue_splash_marks.png,Decorations,Default,Sprite,2048,2048,Compressed,Uncompressed,changed,Applied recommended settings and reimported.
Assets/ProjectONE/UI/Sprites/Decorations/080_yellow_tape.png,Decorations,Default,Sprite,2048,2048,Compressed,Uncompressed,changed,Applied recommended settings and reimported.
Assets/ProjectONE/UI/Sprites/Decorations/117_blue_tape_piece.png,Decorations,Default,Sprite,2048,2048,Compressed,Uncompressed,changed,Applied recommended settings and reimported.
Assets/ProjectONE/UI/Sprites/Decorations/118_mint_tape_piece.png,Decorations,Default,Sprite,2048,2048,Compressed,Uncompressed,changed,Applied recommended settings and reimported.
Assets/ProjectONE/UI/Sprites/Decorations/119_gold_paperclip.png,Decorations,Default,Sprite,2048,2048,Compressed,Uncompressed,changed,Applied recommended settings and reimported.
Assets/ProjectONE/UI/Sprites/Decorations/121_star_small_yellow.png,Decorations,Default,Sprite,2048,2048,Compressed,Uncompressed,changed,Applied recommended settings and reimported.
Assets/ProjectONE/UI/Sprites/HUD/001_top_status_bar_blank.png,HUD,Default,Sprite,2048,4096,Compressed,Uncompressed,changed,Applied recommended settings and reimported.
Assets/ProjectONE/UI/Sprites/HUD/008_mission_card_blank_stamp.png,HUD,Default,Sprite,2048,4096,Compressed,Uncompressed,changed,Applied recommended settings and reimported.
Assets/ProjectONE/UI/Sprites/HUD/010_stamina_bar_full.png,HUD,Default,Sprite,2048,4096,Compressed,Uncompressed,changed,Applied recommended settings and reimported.
Assets/ProjectONE/UI/Sprites/HUD/025_ready_status_panel.png,HUD,Default,Sprite,2048,4096,Compressed,Uncompressed,changed,Applied recommended settings and reimported.
Assets/ProjectONE/UI/Sprites/HUD/034_mission_sheet_blank.png,HUD,Default,Sprite,2048,4096,Compressed,Uncompressed,changed,Applied recommended settings and reimported.
Assets/ProjectONE/UI/Sprites/HUD/035_stamina_bar_full_alt.png,HUD,Default,Sprite,2048,4096,Compressed,Uncompressed,changed,Applied recommended settings and reimported.
Assets/ProjectONE/UI/Sprites/HUD/059_progress_panel_status_bar.png,HUD,Default,Sprite,2048,4096,Compressed,Uncompressed,changed,Applied recommended settings and reimported.
Assets/ProjectONE/UI/Sprites/HUD/061_level_bar_background.png,HUD,Default,Sprite,2048,4096,Compressed,Uncompressed,changed,Applied recommended settings and reimported.
Assets/ProjectONE/UI/Sprites/HUD/062_level_bar_fill_teal.png,HUD,Default,Sprite,2048,4096,Compressed,Uncompressed,changed,Applied recommended settings and reimported.
Assets/ProjectONE/UI/Sprites/HUD/063_coin_counter_panel_blank.png,HUD,Default,Sprite,2048,4096,Compressed,Uncompressed,changed,Applied recommended settings and reimported.
Assets/ProjectONE/UI/Sprites/HUD/070_mini_status_pill_panel.png,HUD,Default,Sprite,2048,4096,Compressed,Uncompressed,changed,Applied recommended settings and reimported.
Assets/ProjectONE/UI/Sprites/HUD/072_mission_card_blank_vertical.png,HUD,Default,Sprite,2048,4096,Compressed,Uncompressed,changed,Applied recommended settings and reimported.
Assets/ProjectONE/UI/Sprites/HUD/073_reward_box_blue.png,HUD,Default,Sprite,2048,4096,Compressed,Uncompressed,changed,Applied recommended settings and reimported.
Assets/ProjectONE/UI/Sprites/HUD/075_reward_box_cream.png,HUD,Default,Sprite,2048,4096,Compressed,Uncompressed,changed,Applied recommended settings and reimported.
Assets/ProjectONE/UI/Sprites/HUD/076_stamina_bar_background.png,HUD,Default,Sprite,2048,4096,Compressed,Uncompressed,changed,Applied recommended settings and reimported.
Assets/ProjectONE/UI/Sprites/HUD/077_stamina_bar_fill_teal.png,HUD,Default,Sprite,2048,4096,Compressed,Uncompressed,changed,Applied recommended settings and reimported.
Assets/ProjectONE/UI/Sprites/HUD/083_reward_coin_box_blank.png,HUD,Default,Sprite,2048,4096,Compressed,Uncompressed,changed,Applied recommended settings and reimported.
Assets/ProjectONE/UI/Sprites/HUD/085_secret_mission_tag_mint.png,HUD,Default,Sprite,2048,4096,Compressed,Uncompressed,changed,Applied recommended settings and reimported.
Assets/ProjectONE/UI/Sprites/Icons/027_coin_gold_paw.png,Icons,Default,Sprite,2048,2048,Compressed,Uncompressed,changed,Applied recommended settings and reimported.
Assets/ProjectONE/UI/Sprites/Icons/028_crown_gold.png,Icons,Default,Sprite,2048,2048,Compressed,Uncompressed,changed,Applied recommended settings and reimported.
Assets/ProjectONE/UI/Sprites/Icons/029_coin_silver_paw.png,Icons,Default,Sprite,2048,2048,Compressed,Uncompressed,changed,Applied recommended settings and reimported.
Assets/ProjectONE/UI/Sprites/Icons/030_coin_bronze_paw.png,Icons,Default,Sprite,2048,2048,Compressed,Uncompressed,changed,Applied recommended settings and reimported.
Assets/ProjectONE/UI/Sprites/Icons/053_paw_blue_round.png,Icons,Default,Sprite,2048,2048,Compressed,Uncompressed,changed,Applied recommended settings and reimported.
Assets/ProjectONE/UI/Sprites/Icons/071_stopwatch_icon.png,Icons,Default,Sprite,2048,2048,Compressed,Uncompressed,changed,Applied recommended settings and reimported.
Assets/ProjectONE/UI/Sprites/Icons/078_lightning_teal.png,Icons,Default,Sprite,2048,2048,Compressed,Uncompressed,changed,Applied recommended settings and reimported.
Assets/ProjectONE/UI/Sprites/Icons/079_paw_beige.png,Icons,Default,Sprite,2048,2048,Compressed,Uncompressed,changed,Applied recommended settings and reimported.
Assets/ProjectONE/UI/Sprites/Icons/115_paw_blue_icon.png,Icons,Default,Sprite,2048,2048,Compressed,Uncompressed,changed,Applied recommended settings and reimported.
Assets/ProjectONE/UI/Sprites/Icons/116_clipboard_icon.png,Icons,Default,Sprite,2048,2048,Compressed,Uncompressed,changed,Applied recommended settings and reimported.
Assets/ProjectONE/UI/Sprites/Icons/120_heart_bubble.png,Icons,Default,Sprite,2048,2048,Compressed,Uncompressed,changed,Applied recommended settings and reimported.
Assets/ProjectONE/UI/Sprites/Lobby_CharacterSelect/037_room_code_tag_blank.png,Lobby_CharacterSelect,Default,Sprite,2048,4096,Compressed,Uncompressed,changed,Applied recommended settings and reimported.
Assets/ProjectONE/UI/Sprites/Lobby_CharacterSelect/089_character_select_panel.png,Lobby_CharacterSelect,Default,Sprite,2048,4096,Compressed,Uncompressed,changed,Applied recommended settings and reimported.
Assets/ProjectONE/UI/Sprites/Lobby_CharacterSelect/099_character_card_default.png,Lobby_CharacterSelect,Default,Sprite,2048,4096,Compressed,Uncompressed,changed,Applied recommended settings and reimported.
Assets/ProjectONE/UI/Sprites/Lobby_CharacterSelect/100_character_card_red.png,Lobby_CharacterSelect,Default,Sprite,2048,4096,Compressed,Uncompressed,changed,Applied recommended settings and reimported.
Assets/ProjectONE/UI/Sprites/Lobby_CharacterSelect/101_character_card_blue.png,Lobby_CharacterSelect,Default,Sprite,2048,4096,Compressed,Uncompressed,changed,Applied recommended settings and reimported.
Assets/ProjectONE/UI/Sprites/Lobby_CharacterSelect/102_lobby_ui_mockup_panel.png,Lobby_CharacterSelect,Default,Sprite,2048,4096,Compressed,Uncompressed,changed,Applied recommended settings and reimported.
Assets/ProjectONE/UI/Sprites/Lobby_CharacterSelect/103_selection_check_badge.png,Lobby_CharacterSelect,Default,Sprite,2048,4096,Compressed,Uncompressed,changed,Applied recommended settings and reimported.
Assets/ProjectONE/UI/Sprites/Lobby_CharacterSelect/105_help_bubble_blank.png,Lobby_CharacterSelect,Default,Sprite,2048,4096,Compressed,Uncompressed,changed,Applied recommended settings and reimported.
Assets/ProjectONE/UI/Sprites/Lobby_CharacterSelect/106_room_code_top_panel.png,Lobby_CharacterSelect,Default,Sprite,2048,4096,Compressed,Uncompressed,changed,Applied recommended settings and reimported.
Assets/ProjectONE/UI/Sprites/Lobby_CharacterSelect/107_ready_count_top_panel.png,Lobby_CharacterSelect,Default,Sprite,2048,4096,Compressed,Uncompressed,changed,Applied recommended settings and reimported.
Assets/ProjectONE/UI/Sprites/Lobby_CharacterSelect/108_lobby_top_message_panel.png,Lobby_CharacterSelect,Default,Sprite,2048,4096,Compressed,Uncompressed,changed,Applied recommended settings and reimported.
Assets/ProjectONE/UI/Sprites/Lobby_CharacterSelect/111_room_code_tag_long_blank.png,Lobby_CharacterSelect,Default,Sprite,2048,4096,Compressed,Uncompressed,changed,Applied recommended settings and reimported.
Assets/ProjectONE/UI/Sprites/Lobby_CharacterSelect/112_lobby_top_banner_blank.png,Lobby_CharacterSelect,Default,Sprite,2048,4096,Compressed,Uncompressed,changed,Applied recommended settings and reimported.
Assets/ProjectONE/UI/Sprites/Lobby_CharacterSelect/113_lobby_message_tag_long.png,Lobby_CharacterSelect,Default,Sprite,2048,4096,Compressed,Uncompressed,changed,Applied recommended settings and reimported.
Assets/ProjectONE/UI/Sprites/Lobby_CharacterSelect/114_lobby_notice_panel_blank.png,Lobby_CharacterSelect,Default,Sprite,2048,4096,Compressed,Uncompressed,changed,Applied recommended settings and reimported.
Assets/ProjectONE/UI/Sprites/Logo_Title/031_title_strip_paperclip_star.png,Logo_Title,Default,Sprite,2048,4096,Compressed,Uncompressed,changed,Applied recommended settings and reimported.
Assets/ProjectONE/UI/Sprites/Logo_Title/051_title_strip_blank.png,Logo_Title,Default,Sprite,2048,4096,Compressed,Uncompressed,changed,Applied recommended settings and reimported.
Assets/ProjectONE/UI/Sprites/Logo_Title/052_main_logo_title_panel_blank.png,Logo_Title,Default,Sprite,2048,4096,Compressed,Uncompressed,changed,Applied recommended settings and reimported.
Assets/ProjectONE/UI/Sprites/MainMenu/009_player_profile_card_blue.png,MainMenu,Default,Sprite,2048,4096,Compressed,Uncompressed,changed,Applied recommended settings and reimported.
Assets/ProjectONE/UI/Sprites/MainMenu/012_left_menu_panel_blank.png,MainMenu,Default,Sprite,2048,4096,Compressed,Uncompressed,changed,Applied recommended settings and reimported.
Assets/ProjectONE/UI/Sprites/MainMenu/014_player_profile_card_alt.png,MainMenu,Default,Sprite,2048,4096,Compressed,Uncompressed,changed,Applied recommended settings and reimported.
Assets/ProjectONE/UI/Sprites/MainMenu/036_player_profile_card_hamster.png,MainMenu,Default,Sprite,2048,4096,Compressed,Uncompressed,changed,Applied recommended settings and reimported.
Assets/ProjectONE/UI/Sprites/MainMenu/065_todo_list_note.png,MainMenu,Default,Sprite,2048,4096,Compressed,Uncompressed,changed,Applied recommended settings and reimported.
Assets/ProjectONE/UI/Sprites/Panels/026_note_card_large_blank.png,Panels,Default,Sprite,2048,4096,Compressed,Uncompressed,changed,Applied recommended settings and reimported.
Assets/ProjectONE/UI/Sprites/Panels/042_long_blank_paper_banner_tape.png,Panels,Default,Sprite,2048,4096,Compressed,Uncompressed,changed,Applied recommended settings and reimported.
Assets/ProjectONE/UI/Sprites/Panels/046_long_blank_pill_panel.png,Panels,Default,Sprite,2048,4096,Compressed,Uncompressed,changed,Applied recommended settings and reimported.
Assets/ProjectONE/UI/Sprites/Panels/047_long_blank_rounded_label.png,Panels,Default,Sprite,2048,4096,Compressed,Uncompressed,changed,Applied recommended settings and reimported.
Assets/ProjectONE/UI/Sprites/Panels/066_pinned_note_small.png,Panels,Default,Sprite,2048,4096,Compressed,Uncompressed,changed,Applied recommended settings and reimported.
Assets/ProjectONE/UI/Sprites/Panels/068_status_ready_small_panel.png,Panels,Default,Sprite,2048,4096,Compressed,Uncompressed,changed,Applied recommended settings and reimported.
Assets/ProjectONE/UI/Sprites/Result_Ranking/020_result_card_full_blank.png,Result_Ranking,Default,Sprite,2048,4096,Compressed,Uncompressed,changed,Applied recommended settings and reimported.
Assets/ProjectONE/UI/Sprites/Result_Ranking/038_result_card_blank_alt.png,Result_Ranking,Default,Sprite,2048,4096,Compressed,Uncompressed,changed,Applied recommended settings and reimported.
Assets/ProjectONE/UI/Sprites/Result_Ranking/049_result_card_vertical_blank.png,Result_Ranking,Default,Sprite,2048,4096,Compressed,Uncompressed,changed,Applied recommended settings and reimported.
Assets/ProjectONE/UI/Sprites/Result_Ranking/081_victory_card_blank.png,Result_Ranking,Default,Sprite,2048,4096,Compressed,Uncompressed,changed,Applied recommended settings and reimported.
Assets/ProjectONE/UI/Sprites/Result_Ranking/082_crown_tab_blue.png,Result_Ranking,Default,Sprite,2048,4096,Compressed,Uncompressed,changed,Applied recommended settings and reimported.
Assets/ProjectONE/UI/Sprites/Result_Ranking/084_success_stamp_green.png,Result_Ranking,Default,Sprite,2048,4096,Compressed,Uncompressed,changed,Applied recommended settings and reimported.
Assets/ProjectONE/UI/Sprites/Result_Ranking/090_ranking_row_gold.png,Result_Ranking,Default,Sprite,2048,4096,Compressed,Uncompressed,changed,Applied recommended settings and reimported.
Assets/ProjectONE/UI/Sprites/Result_Ranking/091_ranking_list_board.png,Result_Ranking,Default,Sprite,2048,4096,Compressed,Uncompressed,changed,Applied recommended settings and reimported.
Assets/ProjectONE/UI/Sprites/Result_Ranking/092_ranking_row_gold_paw.png,Result_Ranking,Default,Sprite,2048,4096,Compressed,Uncompressed,changed,Applied recommended settings and reimported.
Assets/ProjectONE/UI/Sprites/Result_Ranking/093_ranking_row_silver_paw.png,Result_Ranking,Default,Sprite,2048,4096,Compressed,Uncompressed,changed,Applied recommended settings and reimported.
Assets/ProjectONE/UI/Sprites/Result_Ranking/094_ranking_row_bronze_paw.png,Result_Ranking,Default,Sprite,2048,4096,Compressed,Uncompressed,changed,Applied recommended settings and reimported.
Assets/ProjectONE/UI/Sprites/Result_Ranking/095_ranking_row_blue.png,Result_Ranking,Default,Sprite,2048,4096,Compressed,Uncompressed,changed,Applied recommended settings and reimported.
Assets/ProjectONE/UI/Sprites/Result_Ranking/096_medal_ribbon_gold.png,Result_Ranking,Default,Sprite,2048,4096,Compressed,Uncompressed,changed,Applied recommended settings and reimported.
Assets/ProjectONE/UI/Sprites/Result_Ranking/097_player_thumbnail_frame.png,Result_Ranking,Default,Sprite,2048,4096,Compressed,Uncompressed,changed,Applied recommended settings and reimported.
Assets/ProjectONE/UI/Sprites/Result_Ranking/098_ranking_row_blue_profile.png,Result_Ranking,Default,Sprite,2048,4096,Compressed,Uncompressed,changed,Applied recommended settings and reimported.
