index,category,output_path,original_name,original_size,output_size,has_alpha,alpha_min,alpha_max,source_sha256
1,HUD,HUD/001_top_status_bar_blank.png,input_001.png,2508x627,2288x420,True,0,255,807468b0730970f48bd6de1cd5036c178dc783a759952f7c99c1501774706b22
2,Buttons,Buttons/002_top_button_sound.png,input_002.png,1254x1254,825x946,True,0,255,eb7e593532fc8cd00c5125f778559c6e9bfa73269d4c623612b2b56040ca78a7
3,Buttons,Buttons/003_top_button_community.png,input_003.png,1254x1254,682x773,True,0,255,1c6e5d1682c155ce4adc32f11e248f4803788c1307bf85f99d2e88298b2bfc40
4,Buttons,Buttons/004_top_button_notice.png,input_004.png,1254x1254,762x818,True,0,255,8666f3b72f5994ef14f0c0ca0d3a32bb87cd4a3d1dab0b3341464e224c4b233f
5,Buttons,Buttons/005_menu_quick_start_yellow.png,input_005.png,2172x724,1959x520,True,0,255,1adb5f9dff5554890f488f53bf5e30fd2766c5ed652075727b5e0337baa8964a
6,Buttons,Buttons/006_menu_custom_game_blue.png,input_006.png,2172x724,1895x476,True,0,255,8423c103d25ba5c38d46771c0d3e6aa0d801051f2a4c4024b6f91e7ed369fc55
7,Buttons,Buttons/007_menu_tutorial_mint.png,input_007.png,2172x724,1928x460,True,0,255,79cee87296ae763f91b2d3aca1b3d643a7811f589d5fe555eeadb60d5ebe7649
8,HUD,HUD/008_mission_card_blank_stamp.png,input_008.png,1448x1086,1233x847,True,0,255,e1eb3feac6173672e561485182ecf98e37095b22e5ae4e5851d5d2cbf2cbdcf4
9,MainMenu,MainMenu/009_player_profile_card_blue.png,input_009.png,2172x724,1663x576,True,0,255,40f374a4ab84d21ee7fcd5bc1b63175aab3a9b0b107837212996f3e7a6211d9d
10,HUD,HUD/010_stamina_bar_full.png,input_010.png,2508x627,2247x328,True,0,255,070e602807ac4c553f3d918e23fe94ac9b9c4c0948ffcc577b0cb73845c5aa9d
12,MainMenu,MainMenu/012_left_menu_panel_blank.png,input_012.png,1086x1448,778x1367,True,0,255,b68d405a230e56f5a116ee61b0ace62deaa4b3bd644ee3449d77b4b5aee2051a
14,MainMenu,MainMenu/014_player_profile_card_alt.png,input_014.png,2172x724,1684x527,True,0,255,c24a11415e2db8bdb483554f21f4283da75d093acbd8777d842b0753ef876460
15,Buttons,Buttons/015_start_button_yellow_play.png,input_015.png,2172x724,1762x528,True,0,255,219cfb61df60973f545073e0b4c1e472e82aa21404655fe8374f0094db81d3f7
16,Buttons,Buttons/016_ready_button_green_check.png,input_016.png,2172x724,1584x548,True,0,255,a84fbc34c83ceee35d1ff76c1996bef75a51347ab62d7b0d4b13d1d695bb0f47
17,Buttons,Buttons/017_retry_button_blue.png,input_017.png,2172x724,1549x531,True,0,255,0a2228783e280e373cba0bbb94d27615ec897a2f2f83720bfb1073ca486328bc
18,Buttons,Buttons/018_lobby_button_yellow_home.png,input_018.png,2172x724,1721x482,True,0,255,c77473869c6e97f5cd5ff630bc0033d9dbde57b66bb95231d2dded61834ad4d6
19,Buttons,Buttons/019_exit_button_mint.png,input_019.png,2172x724,1735x513,True,0,255,0ac67fcab1d987f60b3855d94727b487fa375f6575ab6d3206c2edfa10ee3bb9
20,Result_Ranking,Result_Ranking/020_result_card_full_blank.png,input_020.png,1448x1086,1147x998,True,0,255,7066da3fffeb069b1ed9021f6b4cb21f89375b5ef7d55952ff4d26a2b7a88665
22,Buttons,Buttons/022_top_button_settings.png,input_022.png,1448x1086,698x676,True,0,255,35a93dcaf3b4d241448f55a53c8d6c1555f6eb28c18337b6a72b9bbe119c6d36
23,Buttons,Buttons/023_quit_button_power.png,input_023.png,1448x1086,1069x547,True,0,255,a8a8d5966ef54797249fe093d0200ff182fa44ef221bb432b0d6a32302dcfa43
25,HUD,HUD/025_ready_status_panel.png,input_025.png,1448x1086,1317x572,True,0,255,df5584b3f97446f49c8465816ae3dc6de8c5c40990f9377579e1c56adb237759
26,Panels,Panels/026_note_card_large_blank.png,input_026.png,1086x1448,948x1151,True,0,255,211c42f8aa8981746a8696f7dc4ca3093b3415c5c9c4ccf1187b5daba728072a
27,Icons,Icons/027_coin_gold_paw.png,input_027.png,1254x1254,757x772,True,0,255,12d3fc8bbe5dd4314aafa92c3bfcb535b1a74575ee1d25c1ff6945e0a8a21cd6
28,Icons,Icons/028_crown_gold.png,input_028.png,1254x1254,847x718,True,0,255,3fd52c242149e51e686174893c0e6c12f971c413c64a37c8d5b4b2397c400a13
29,Icons,Icons/029_coin_silver_paw.png,input_029.png,1254x1254,763x792,True,0,255,782c1f7bae7078795eef10ec9a9dbf0a3f073436cd06ee28acae07a6b92fa769
30,Icons,Icons/030_coin_bronze_paw.png,input_030.png,1254x1254,803x836,True,0,255,9564d300559573ed50a03bf6d6e2650e11e165607e8935eadccbf4705f74323c
31,Logo_Title,Logo_Title/031_title_strip_paperclip_star.png,input_031.png,2172x724,1762x606,True,0,255,2c109faa36715079e3cbe2e34020989ea55fc3cfb4e78307470214d2606ce1c1
34,HUD,HUD/034_mission_sheet_blank.png,input_034.png,1122x1402,1003x1185,True,0,255,363a1aa53ea4b0d2e6dfcddb3be5447c0c036c9bab1ebee47cf5256d3efb20c1
35,HUD,HUD/035_stamina_bar_full_alt.png,input_035.png,2172x724,1837x402,True,0,255,872279c30b5f26da37efd4b06a1194c13b763b5e3762a56b10f76aae7878990e
36,MainMenu,MainMenu/036_player_profile_card_hamster.png,input_036.png,1536x1024,1373x518,True,0,255,1b0096d68adbf7d1be7f2cd856d8fdb20e7a3863872e8b285b6d2fd7bf06dd40
37,Lobby_CharacterSelect,Lobby_CharacterSelect/037_room_code_tag_blank.png,input_037.png,1448x1086,1133x604,True,0,255,bca05e2cb0094fc2acbebab8d9d69ce8a5c8eaab96cd9bfb40f211607c7270eb
38,Result_Ranking,Result_Ranking/038_result_card_blank_alt.png,input_038.png,1086x1448,826x1017,True,0,255,d52eabe6b2117e9cb23cb29699cafe549785356e5c94081f9e33c9e52846998d
42,Panels,Panels/042_long_blank_paper_banner_tape.png,input_042.png,2172x724,2020x392,True,0,255,baa53f350ca98388763996db8c604dbae76bbef726e43f3227576d08abd584a1
43,Buttons,Buttons/043_menu_button_yellow_blank.png,input_043.png,1774x887,1569x539,True,0,255,a686ba21de74ced7cafb71b98733842dde3151470c5b01978facceb6f631010d
44,Buttons,Buttons/044_menu_button_blue_blank.png,input_044.png,1774x887,1561x476,True,0,255,4cf3e23a237882598cfb8978b0b4ec744717cd44da10b5e19252e074cc87569c
45,Buttons,Buttons/045_menu_button_mint_blank.png,input_045.png,1774x887,1442x566,True,0,255,501fb0c839bb433da52a368d917194fcfc0bdeefe46289a8ab18eaaed53c753d
46,Panels,Panels/046_long_blank_pill_panel.png,input_046.png,1774x887,1675x485,True,0,255,ea72a6c20e77cbf96f3edb8db26c17db77896d34f62497c11a90144e9d547f59
47,Panels,Panels/047_long_blank_rounded_label.png,input_047.png,1774x887,1572x485,True,0,255,4bc61545576e86d8e21153aa6270836b9deef52ca08480e642c70c5d3ac62055
49,Result_Ranking,Result_Ranking/049_result_card_vertical_blank.png,input_049.png,1086x1448,844x1158,True,0,255,ffb582fa4aca087e9ed027cd6a2552d622e9546a8e3e08ec43ccb1b132eb795d
50,Characters,Characters/050_hamster_mascot_full.png,input_050.png,1086x1448,963x843,True,0,255,98c46861d650890455645788befd592c834f1f38d05f7780807b42fc8c73bf6c
51,Logo_Title,Logo_Title/051_title_strip_blank.png,input_051.png,1448x1086,1302x543,True,0,255,d71d91174988ed43b94614ac6f4ab526b8904719c745f96b4d297c03108c2def
52,Logo_Title,Logo_Title/052_main_logo_title_panel_blank.png,input_052.png,1448x1086,1296x936,True,0,255,fab7ecc41c7e719e375c188369e866163f6f82bf3b7fca7d7cff6cfa30aa4c90
53,Icons,Icons/053_paw_blue_round.png,input_053.png,1254x1254,837x885,True,0,255,bf0b094db9c589f86476343981579779817732f611f9d52e0d4c480dd71e24b3
54,Decorations,Decorations/054_blue_tape_long.png,input_054.png,2172x724,1750x296,True,0,255,20e12fdedffa933d4c861215b32acbb4392f1e1eca98abf1c35e922f9c28a5b4
55,Decorations,Decorations/055_yellow_star_sketch.png,input_055.png,1254x1254,530x559,True,0,255,087c4e9c7caf601a3aafcf86f8027c339cf839d06fea32e99a4e740c2bd2c5f6
56,Decorations,Decorations/056_blue_binder_clip.png,input_056.png,1254x1254,588x737,True,0,255,06c56398de26ca7610aa8fd19a49c9fb085766415a1338ff873a6b3579ebc594
58,Decorations,Decorations/058_blue_splash_marks.png,input_058.png,1254x1254,454x586,True,0,255,164bb51b92a17dfaf4752a0f303ee266a1f8929cf6470442d34297721fe59e06
59,HUD,HUD/059_progress_panel_status_bar.png,input_059.png,2172x724,1632x587,True,0,255,e88c26b93ec04a5345dd41d37578c3020721abf499bd5dfefb60718b16a73ded
60,Characters,Characters/060_hamster_profile_square.png,input_060.png,1254x1254,1005x1012,True,0,255,32318b79ca757f3838e4b9942b21db7c4829cba3e42b86f845768607be2e0439
61,HUD,HUD/061_level_bar_background.png,input_061.png,2508x627,1975x254,True,0,255,3351fcd652ec56469b78fba22fc08682723e9ed0fd35d10a8059db911ec2959b
62,HUD,HUD/062_level_bar_fill_teal.png,input_062.png,2508x627,1764x154,True,0,255,4fa59b0ca90aed7b7f529f6324c7eccb6852eac7496699ae3d04682c5e925406
63,HUD,HUD/063_coin_counter_panel_blank.png,input_063.png,2172x724,1742x436,True,0,255,03ed9e2651c75624f4355a08522b00c987f90db0889620cd909c0ab5c88072df
64,Buttons,Buttons/064_blue_plus_button.png,input_064.png,1254x1254,739x760,True,0,255,6344611d533a33873aa4ed1ce2d5e0f812081596df0b3a60c0bbcf4bcc5b5675
65,MainMenu,MainMenu/065_todo_list_note.png,input_065.png,1086x1448,887x1009,True,0,255,2e3ee7f5087a4191d9392951f551c55ceaeb6070d91eca071eb34922e34d436f
66,Panels,Panels/066_pinned_note_small.png,input_066.png,1024x1536,895x592,True,0,255,a115264887c799c027e3fe70e1c61a95f55858fe2ef89a1e23f1c4e9a4dff6b7
68,Panels,Panels/068_status_ready_small_panel.png,input_068.png,1448x1086,1218x554,True,0,255,982d8901f2869bfece92f5831f3781340639d632ed26e9c75a6284edae92841a
70,HUD,HUD/070_mini_status_pill_panel.png,input_070.png,2172x724,1676x486,True,0,255,21b1af35bdcab1a1e649f373a0869169d465f0fd0ad4a633b28f0564d795c62b
71,Icons,Icons/071_stopwatch_icon.png,input_071.png,1254x1254,680x803,True,0,255,01ced99b4c24931282b004b55911de1a4d74c856906e807a54ad7c59bfa1bfbe
72,HUD,HUD/072_mission_card_blank_vertical.png,input_072.png,1122x1402,990x1099,True,0,255,a8b398a01a1b90da21dcf08ee467ad9c12956cb15719398359f4aba8de280895
73,HUD,HUD/073_reward_box_blue.png,input_073.png,2172x724,1205x373,True,0,255,b3571db737ede6b4fbf7cdc8d3415b37e0826bc0a84d75d697c52bf75df10c09
74,Characters,Characters/074_hamster_face_icon.png,input_074.png,1254x1254,788x635,True,0,255,86de51e689260b410e9f12177ee84ddff5973b290f65d61ae334e098d25a342f
75,HUD,HUD/075_reward_box_cream.png,input_075.png,2172x724,1836x477,True,0,255,07c09fe37e0146965850daf9ba048df49f06f15837b2198ab7e8d20ff52ce215
76,HUD,HUD/076_stamina_bar_background.png,input_076.png,2508x627,2256x459,True,0,255,e5441422dd791576df781136a806b347ec2a26df5b479050a309f49352d91116
77,HUD,HUD/077_stamina_bar_fill_teal.png,input_077.png,2508x627,2210x213,True,0,255,efdeee6a24fbdc402777ca0d1caa24b6dadc7959c430fd02ac68592c6a2bfbf0
78,Icons,Icons/078_lightning_teal.png,input_078.png,1254x1254,466x722,True,0,255,236d7eec7a062e7962c795215fb28cc18b9e6f0c09249abfe21650eb474c419a
79,Icons,Icons/079_paw_beige.png,input_079.png,1254x1254,812x764,True,0,255,b418822db6c85d50a371a91b6a79c99b628fc04ccda90b71fc26a967367db9b7
80,Decorations,Decorations/080_yellow_tape.png,input_080.png,1774x887,1069x308,True,0,255,6e108692e4ec7a7520cbc7b879a0f600c4222bcf72ef8082350a1b819362bcf1
81,Result_Ranking,Result_Ranking/081_victory_card_blank.png,input_081.png,1402x1122,1247x983,True,0,255,d215b733e969f573de4f0e5ee0a9d5a8d19a7df72634780b5628847e2c9a584a
82,Result_Ranking,Result_Ranking/082_crown_tab_blue.png,input_082.png,2172x724,1390x478,True,0,255,04c9e9d682561afb7a79c034b1080402cea723e5866746eb7b3217fe3c815ad2
83,HUD,HUD/083_reward_coin_box_blank.png,input_083.png,1536x1024,1211x455,True,0,255,8e647919f117671e2e6e22f9aeb5cbcc01033010f32d1c9520fb6dc0c6b0647a
84,Result_Ranking,Result_Ranking/084_success_stamp_green.png,input_084.png,1254x1254,853x849,True,0,255,794fc1a123f36f195a67de5ccb473c339d187f65a727285b0d9001676df24c40
85,HUD,HUD/085_secret_mission_tag_mint.png,input_085.png,1774x887,1323x460,True,0,255,5bc3da2cadfab5c26a18ca5179b60bd1716874784d9b30e12713772110d44ebf
86,Buttons,Buttons/086_retry_button_blue_blank.png,input_086.png,2172x724,1861x523,True,0,255,c3629a99d3ebe45a944c718b582019f797a6d1f8f06e803311cc0220c66dfa1d
87,Buttons,Buttons/087_lobby_button_yellow_blank.png,input_087.png,2172x724,1882x532,True,0,255,96a157d9b065b53daea112fbf2d40003687f241ca5260b5a3ba85f0f43f4b1c8
88,Buttons,Buttons/088_exit_button_mint_blank.png,input_088.png,2172x724,1812x533,True,0,255,7f85de4d8b60ce50f0234c5d16b22b899c7666ee7a18d029aba6ea5f51c0880e
89,Lobby_CharacterSelect,Lobby_CharacterSelect/089_character_select_panel.png,input_089.png,1086x1448,911x1280,True,0,255,96d283d26f7f2a8aa4b0d481f12ffee681e26348461b356bcc4cfa5a932520d5
90,Result_Ranking,Result_Ranking/090_ranking_row_gold.png,input_090.png,1983x793,1794x364,True,0,255,52c443c453dcfc2fb3a56fbf55d841a2f9483c0e618f07080650ba033b561613
91,Result_Ranking,Result_Ranking/091_ranking_list_board.png,input_091.png,1448x1086,1146x935,True,0,255,3043d3369e0879ad992343f1061175bb9cc0f1795fe1a37d5160cee5554c0ca6
92,Result_Ranking,Result_Ranking/092_ranking_row_gold_paw.png,input_092.png,2508x627,2318x432,True,0,255,609818efd4ad2e4bc389e28f01bc16aec17f900417d2bbbe467899336e88e830
93,Result_Ranking,Result_Ranking/093_ranking_row_silver_paw.png,input_093.png,2508x627,2211x455,True,0,255,ea87200637bb2ff99aa7f9bb92cdf43d87ea44dd2407d602b0cb347acff5f69d
94,Result_Ranking,Result_Ranking/094_ranking_row_bronze_paw.png,input_094.png,2508x627,2359x448,True,0,255,f37a3256a115726be1a5fe7f6f64c54439b23389b132fd847e51160880b62302
95,Result_Ranking,Result_Ranking/095_ranking_row_blue.png,input_095.png,2508x627,2382x422,True,0,255,6162591217df4e486cc8235f9a68982d7d3705b58d1ef67811dc7e9e9139330f
96,Result_Ranking,Result_Ranking/096_medal_ribbon_gold.png,input_096.png,1254x1254,763x1040,True,0,255,39f3b519925a1b0069fb6ef0058fb4855e0f90bef49a7307bbfe9c4a74e5b075
97,Result_Ranking,Result_Ranking/097_player_thumbnail_frame.png,input_097.png,1254x1254,894x947,True,0,255,0b7af036cb1144ee4ebf02b0f56d20aabf1f835edd6c76480a387d047d31cdf9
98,Result_Ranking,Result_Ranking/098_ranking_row_blue_profile.png,input_098.png,1774x887,1549x456,True,0,255,1174deadc86708d3fd1eeda8f539684c211bba3c5cb0186e9b6d543e43857878
99,Lobby_CharacterSelect,Lobby_CharacterSelect/099_character_card_default.png,input_099.png,1122x1402,1074x1325,True,0,255,5874d268941023308408334bbce3911291b44e54ad9e4ce5c1b5e6a85fc4d768
100,Lobby_CharacterSelect,Lobby_CharacterSelect/100_character_card_red.png,input_100.png,1122x1402,853x1210,True,0,255,0e5e2cd5ab6f32da74f13b348f526cd121c307f4c6e17e8f71f9c960fb6380ac
101,Lobby_CharacterSelect,Lobby_CharacterSelect/101_character_card_blue.png,input_101.png,1122x1402,859x1214,True,0,255,afd98754c9b5bedcdb5d17450cb2707238bbe1383ac71cb0d0d751577cc4f11c
102,Lobby_CharacterSelect,Lobby_CharacterSelect/102_lobby_ui_mockup_panel.png,input_102.png,1122x1402,1019x1110,True,0,255,c456fe3bdf4beb1ca43bc531f04f0d8cfb4100a29c111f87a90a2acc328e0187
103,Lobby_CharacterSelect,Lobby_CharacterSelect/103_selection_check_badge.png,input_103.png,1254x1254,996x1001,True,0,255,de564dadb507f5f77545733c0da8938cf7724c1d6667a3454fb9489ea5dd5557
104,Buttons,Buttons/104_ready_button_large_yellow_blank.png,input_104.png,1536x1024,1423x539,True,0,255,956fae8dd8bdcd1016070d6f424ba1070a606b3f60539f3790c29f81ce18cde0
105,Lobby_CharacterSelect,Lobby_CharacterSelect/105_help_bubble_blank.png,input_105.png,1448x1086,1226x791,True,0,255,dce3ff0559f3cd679d8e4fc2537e96d5cd322f70e0adccaeb611464a41ce3362
106,Lobby_CharacterSelect,Lobby_CharacterSelect/106_room_code_top_panel.png,input_106.png,2172x724,1887x527,True,0,255,dc48d97c4c8c26f1a485f515dfb004023f4b1a683fa0bcbc31b066721d59c582
107,Lobby_CharacterSelect,Lobby_CharacterSelect/107_ready_count_top_panel.png,input_107.png,2508x627,2235x363,True,0,255,d297cd25aad94df3ed91656eceba7143360820139d4a30ce776360c817f502c1
108,Lobby_CharacterSelect,Lobby_CharacterSelect/108_lobby_top_message_panel.png,input_108.png,2172x724,1793x463,True,0,255,1210cd23ca221a88ebe542cde477a4d44133caf7b0c9933eb6c129e0ea1741bb
111,Lobby_CharacterSelect,Lobby_CharacterSelect/111_room_code_tag_long_blank.png,input_111.png,2508x627,2236x556,True,0,255,4028d8df3224d15b7f69a7e746a14c526d1ff4b6b613974f2650722feee766a1
112,Lobby_CharacterSelect,Lobby_CharacterSelect/112_lobby_top_banner_blank.png,input_112.png,2508x627,2389x525,True,0,255,dc8b69a47edf867df0b81663b85751bb3676320b3ab09ee25f6abf9a9106890f
113,Lobby_CharacterSelect,Lobby_CharacterSelect/113_lobby_message_tag_long.png,input_113.png,2804x561,2710x416,True,0,255,86ebebdfaa2cc0f5ecae19dc8c866c91ac4349d5c826e451b5a962c65632e351
114,Lobby_CharacterSelect,Lobby_CharacterSelect/114_lobby_notice_panel_blank.png,input_114.png,1448x1086,1359x950,True,0,255,d3e55dda1027ab9e14d55b0e5c2031d46632fb211dc126a4902af6a4c28b4dd3
115,Icons,Icons/115_paw_blue_icon.png,input_115.png,1254x1254,844x758,True,0,255,b62df54b8a6ad8cf10bf848e544fe5cc438e542d2ee6b2e71a360ed9d46443ef
116,Icons,Icons/116_clipboard_icon.png,input_116.png,1254x1254,628x872,True,0,255,a3d958ab4510457f47c85dee82888ea80aa526ef114a7094ff4e9673669ae003
117,Decorations,Decorations/117_blue_tape_piece.png,input_117.png,1536x1024,750x290,True,0,255,1bcc443c7beceb0c0c1fb1604664183fe4e1e23213bccf2aaae29cff800d033c
118,Decorations,Decorations/118_mint_tape_piece.png,input_118.png,1536x1024,897x346,True,0,255,926d5b7174403d0a1d3548cbddd08d34860fad18a923d868085c316e80c6827c
119,Decorations,Decorations/119_gold_paperclip.png,input_119.png,1254x1254,307x1044,True,0,255,b6451db5026841e9b1944925d9da6d5e8b4733d832e6f18f4f7bab19513edf20
120,Icons,Icons/120_heart_bubble.png,input_120.png,1254x1254,768x777,True,0,255,5a95e37d840d6f6a80fc99ac1abccf1c14633a6ddbbb5b0b5e4790cb2eeb099e
121,Decorations,Decorations/121_star_small_yellow.png,input_121.png,1254x1254,502x476,True,0,255,4b0e4c314b7f199cc9e681ebfa69d07319ae36202b0979e660108b456797e0c5
122,Characters,Characters/122_hamster_face_small.png,input_122.png,1254x1254,825x610,True,0,255,912287919e129103e116affb36c6e1ce7f070b84697f20ea999e50543e063682
123,ColorChips,ColorChips/123_colorchip_navy_1f2a44.png,input_123.png,1254x1254,875x889,True,0,255,5b5c67f1085cdbea1e4b938025daa049119bbbeccb2b3dfad1a8b199f752002f
124,ColorChips,ColorChips/124_colorchip_cream_fff7eb.png,input_124.png,1254x1254,876x871,True,0,255,6f182a54a7ef63ee2d44d9f5188a45631ff21e3f69745565cf09275a13cbe4a8
127,ColorChips,ColorChips/127_colorchip_yellow_ffd56a.png,input_127.png,1254x1254,865x885,True,0,255,b67be812bbfef593a2565bcf2763400361b872baedc7a1f0aac3d460bc215516
128,ColorChips,ColorChips/128_colorchip_blue_b8d3f6.png,input_128.png,1254x1254,875x877,True,0,255,60a0b1dc63565e671f450cce5de004e8ee9de553361c09bed07a4faf5dd6ba14
129,ColorChips,ColorChips/129_colorchip_mint_cdebd7.png,input_129.png,1254x1254,884x901,True,0,255,7824482eecbf71ff8dee7eb8b59ebf9abf489400167399f32c3d20587bbc535a
