1	input_001.png	2508x627
2	input_002.png	1254x1254
3	input_003.png	1254x1254
4	input_004.png	1254x1254
5	input_005.png	2172x724
6	input_006.png	2172x724
7	input_007.png	2172x724
8	input_008.png	1448x1086
9	input_009.png	2172x724
10	input_010.png	2508x627
11	input_011.png	2508x627
12	input_012.png	1086x1448
13	input_013.png	1536x1024
14	input_014.png	2172x724
15	input_015.png	2172x724
16	input_016.png	2172x724
17	input_017.png	2172x724
18	input_018.png	2172x724
19	input_019.png	2172x724
20	input_020.png	1448x1086
21	input_021.png	1448x1086
22	input_022.png	1448x1086
23	input_023.png	1448x1086
24	input_024.png	1448x1086
25	input_025.png	1448x1086
26	input_026.png	1086x1448
27	input_027.png	1254x1254
28	input_028.png	1254x1254
29	input_029.png	1254x1254
30	input_030.png	1254x1254
31	input_031.png	2172x724
32	input_032.png	2172x724
33	input_033.png	1024x1536
34	input_034.png	1122x1402
35	input_035.png	2172x724
36	input_036.png	1536x1024
37	input_037.png	1448x1086
38	input_038.png	1086x1448
39	input_039.png	1774x887
40	input_040.png	1774x887
41	input_041.png	2172x724
42	input_042.png	2172x724
43	input_043.png	1774x887
44	input_044.png	1774x887
45	input_045.png	1774x887
46	input_046.png	1774x887
47	input_047.png	1774x887
48	input_048.png	1448x1086
49	input_049.png	1086x1448
50	input_050.png	1086x1448
51	input_051.png	1448x1086
52	input_052.png	1448x1086
53	input_053.png	1254x1254
54	input_054.png	2172x724
55	input_055.png	1254x1254
56	input_056.png	1254x1254
57	input_057.png	1254x1254
58	input_058.png	1254x1254
59	input_059.png	2172x724
60	input_060.png	1254x1254
61	input_061.png	2508x627
62	input_062.png	2508x627
63	input_063.png	2172x724
64	input_064.png	1254x1254
65	input_065.png	1086x1448
66	input_066.png	1024x1536
67	input_067.png	1024x1536
68	input_068.png	1448x1086
69	input_069.png	1254x1254
70	input_070.png	2172x724
71	input_071.png	1254x1254
72	input_072.png	1122x1402
73	input_073.png	2172x724
74	input_074.png	1254x1254
75	input_075.png	2172x724
76	input_076.png	2508x627
77	input_077.png	2508x627
78	input_078.png	1254x1254
79	input_079.png	1254x1254
80	input_080.png	1774x887
81	input_081.png	1402x1122
82	input_082.png	2172x724
83	input_083.png	1536x1024
84	input_084.png	1254x1254
85	input_085.png	1774x887
86	input_086.png	2172x724
87	input_087.png	2172x724
88	input_088.png	2172x724
89	input_089.png	1086x1448
90	input_090.png	1983x793
91	input_091.png	1448x1086
92	input_092.png	2508x627
93	input_093.png	2508x627
94	input_094.png	2508x627
95	input_095.png	2508x627
96	input_096.png	1254x1254
97	input_097.png	1254x1254
98	input_098.png	1774x887
99	input_099.png	1122x1402
100	input_100.png	1122x1402
101	input_101.png	1122x1402
102	input_102.png	1122x1402
103	input_103.png	1254x1254
104	input_104.png	1536x1024
105	input_105.png	1448x1086
106	input_106.png	2172x724
107	input_107.png	2508x627
108	input_108.png	2172x724
109	input_109.png	1254x1254
110	input_110.png	1448x1086
111	input_111.png	2508x627
112	input_112.png	2508x627
113	input_113.png	2804x561
114	input_114.png	1448x1086
115	input_115.png	1254x1254
116	input_116.png	1254x1254
117	input_117.png	1536x1024
118	input_118.png	1536x1024
119	input_119.png	1254x1254
120	input_120.png	1254x1254
121	input_121.png	1254x1254
122	input_122.png	1254x1254
123	input_123.png	1254x1254
124	input_124.png	1254x1254
125	input_125.png	1254x1254
126	input_126.png	1254x1254
127	input_127.png	1254x1254
128	input_128.png	1254x1254
129	input_129.png	1254x1254
